cell_key,batch,policy,cycle_life,split,predicted,log_dq_var,ape
b1c45,Batch 1,8C(35%)-3.6C,599,valid,593.7811,-3.4253,0.8713
b1c37,Batch 1,7C(40%)-3C,648,valid,718.974,-3.6739,10.9528
b1c14,Batch 1,5.4C(60%)-3C,880,valid,957.3331,-4.0461,8.7878
b1c34,Batch 1,7C(30%)-3.6C,742,valid,822.3992,-3.8486,10.8355
b1c25,Batch 1,6C(40%)-3C,854,valid,944.0343,-4.0279,10.5427
b1c2,Batch 1,3.6C(80%)-3.6C,2237,valid,1629.0768,-4.737,27.1758
b1c36,Batch 1,7C(40%)-3C,704,valid,716.5234,-3.6695,1.7789
b1c41,Batch 1,8C(15%)-3.6C,1051,valid,976.2597,-4.0715,7.1113
b1c42,Batch 1,8C(25%)-3.6C,702,valid,714.5164,-3.6659,1.783
b2c0,Batch 2,5.2C(58%)-4C,477,test_b2,610.635,-3.4873,28.0157
b2c1,Batch 2,5.6C(26%)-4.5C,491,test_b2,523.4295,-3.2981,6.6048
b2c2,Batch 2,5.2C(50%)-4.25C,424,test_b2,597.3463,-3.4602,40.8836
b2c3,Batch 2,4.65C(44%)-5C,499,test_b2,615.1163,-3.4962,23.2698
b2c4,Batch 2,4.65C(69%)-6C,444,test_b2,496.2215,-3.2325,11.7616
b2c5,Batch 2,3.6C(30%)-6C,416,test_b2,440.3675,-3.0859,5.8576
b2c6,Batch 2,3.6C(9%)-5C,393,test_b2,632.2821,-3.53,60.886
b2c7,Batch 2,4.8C(80%)-4.8C-newstructure,777,test_b2,1119.6255,-4.2317,44.0959
b2c8,Batch 2,5.2C(58%)-4C-newstructure,904,test_b2,1007.7639,-4.1024,11.4783
b2c9,Batch 2,5.6C(26%)-4.5C-newstructure,791,test_b2,1227.3083,-4.3444,55.1591
b2c10,Batch 2,4.8C(80%)-4.8C,492,test_b2,592.8158,-3.4509,20.491
b2c11,Batch 2,5.2C(50%)-4.25C,449,test_b2,609.705,-3.4854,35.7918
b2c12,Batch 2,4.65C(44%)-5C,466,test_b2,470.8133,-3.168,1.0329
b2c13,Batch 2,4.65C(69%)-6C,460,test_b2,543.586,-3.3444,18.1709
b2c14,Batch 2,3.6C(30%)-6C,426,test_b2,452.2298,-3.1185,6.1572
b2c15,Batch 2,3.6C(9%)-5C,396,test_b2,625.222,-3.5163,57.8843
b2c16,Batch 2,4.8C(80%)-4.8C,472,test_b2,614.4344,-3.4949,30.1768
b2c17,Batch 2,5.6C(26%)-4.5C,471,test_b2,617.1742,-3.5003,31.0349
b2c18,Batch 2,5.2C(50%)-4.25C,449,test_b2,730.4788,-3.7073,62.6902
b2c19,Batch 2,6C(60%)-3C,392,test_b2,520.8385,-3.292,32.867
b2c20,Batch 2,5.2C(58%)-4C,489,test_b2,588.2016,-3.4413,20.2866
b2c21,Batch 2,6C(60%)-3C,408,test_b2,535.7765,-3.3267,31.3178
b2c24,Batch 2,4.8C(80%)-4.8C,514,test_b2,692.0161,-3.6409,34.6335
b2c25,Batch 2,5.2C(58%)-4C,493,test_b2,634.5717,-3.5345,28.7164
b2c26,Batch 2,5.6C(26%)-4.5C,450,test_b2,492.015,-3.2221,9.3367
b2c27,Batch 2,5.2C(50%)-4.25C,474,test_b2,610.1075,-3.4862,28.7147
b2c28,Batch 2,4.8C(80%)-4.8C,437,test_b2,579.6918,-3.4234,32.6526
b2c29,Batch 2,5.2C(58%)-4C,452,test_b2,621.1599,-3.5082,37.4248
b2c30,Batch 2,5.6C(26%)-4.5C,412,test_b2,477.5486,-3.1854,15.9099
b2c31,Batch 2,5.6C(26%)-4.5C,425,test_b2,547.0996,-3.3524,28.7293
b2c32,Batch 2,4.8C(80%)-4.8C-newstructure,809,test_b2,1031.8851,-4.1315,27.5507
b2c33,Batch 2,5.2C(58%)-4C-newstructure,1140,test_b2,1119.5874,-4.2316,1.7906
b2c34,Batch 2,5.6C(26%)-4.5C-newstructure,1186,test_b2,1335.9622,-4.4486,12.6444
b2c41,Batch 2,5.6C(26%)-4.5C,442,test_b2,472.5025,-3.1724,6.901
b2c42,Batch 2,5.2C(50%)-4.25C,474,test_b2,608.3135,-3.4826,28.3362
b2c43,Batch 2,4.8C(80%)-4.8C-newstructure,1029,test_b2,1156.8048,-4.2718,12.4203
b2c44,Batch 2,5.2C(58%)-4C-newstructure,841,test_b2,1247.5619,-4.3645,48.3427
b2c45,Batch 2,5.6C(26%)-4.5C-newstructure,997,test_b2,1069.3133,-4.1752,7.2531
b2c46,Batch 2,4.8C(80%)-4.8C,503,test_b2,621.4771,-3.5089,23.5541
b3c0,Batch 3,5C(67%)-4C-newstructure,1009,test_b3,1131.9523,-4.2451,12.1856
b3c1,Batch 3,5.3C(54%)-4C-newstructure,1063,test_b3,1169.8419,-4.2855,10.051
b3c3,Batch 3,5.6C(36%)-4.3C-newstructure,1115,test_b3,1019.4737,-4.1166,8.5674
b3c4,Batch 3,5.6C(19%)-4.6C-newstructure,1048,test_b3,1072.148,-4.1785,2.3042
b3c5,Batch 3,5.6C(36%)-4.3C-newstructure,828,test_b3,1017.6622,-4.1144,22.9061
b3c6,Batch 3,3.7C(31%)-5.9C-newstructure,667,test_b3,630.0556,-3.5257,5.5389
b3c7,Batch 3,4.8C(80%)-4.8C-newstructure,1836,test_b3,1380.3761,-4.4887,24.8161
b3c8,Batch 3,5C(67%)-4C-newstructure,828,test_b3,999.0863,-4.0918,20.6626
b3c9,Batch 3,5.3C(54%)-4C-newstructure,1039,test_b3,913.8422,-3.9823,12.046
b3c10,Batch 3,4.8C(80%)-4.8C-newstructure,1078,test_b3,1296.064,-4.4114,20.2286
b3c11,Batch 3,5.6C(19%)-4.6C-newstructure,817,test_b3,844.1703,-3.8849,3.3256
b3c12,Batch 3,5.6C(36%)-4.3C-newstructure,932,test_b3,887.7949,-3.9468,4.743
b3c13,Batch 3,5.6C(19%)-4.6C-newstructure,816,test_b3,1001.2552,-4.0945,22.7028
b3c14,Batch 3,5.6C(36%)-4.3C-newstructure,858,test_b3,926.8621,-3.9997,8.0259
b3c15,Batch 3,5.9C(15%)-4.6C-newstructure,876,test_b3,927.6299,-4.0007,5.8938
b3c16,Batch 3,4.8C(80%)-4.8C-newstructure,1638,test_b3,1632.2149,-4.6945,0.3532
b3c17,Batch 3,5.3C(54%)-4C-newstructure,1315,test_b3,1326.344,-4.4397,0.8627
b3c18,Batch 3,5.6C(19%)-4.6C-newstructure,1146,test_b3,1140.2212,-4.2541,0.5043
b3c19,Batch 3,5.6C(36%)-4.3C-newstructure,1155,test_b3,1066.4667,-4.1719,7.6652
b3c20,Batch 3,5C(67%)-4C-newstructure,813,test_b3,978.5845,-4.0663,20.3671
b3c21,Batch 3,3.7C(31%)-5.9C-newstructure,772,test_b3,728.7105,-3.7043,5.6074
b3c22,Batch 3,5.9C(60%)-3.1C-newstructure,1002,test_b3,963.1489,-4.0468,3.8774
b3c24,Batch 3,5C(67%)-4C-newstructure,825,test_b3,1052.0716,-4.1553,27.5238
b3c25,Batch 3,5.3C(54%)-4C-newstructure,989,test_b3,1044.6485,-4.1466,5.6267
b3c26,Batch 3,5.6C(19%)-4.6C-newstructure,1028,test_b3,1108.5899,-4.2195,7.8395
b3c27,Batch 3,5.6C(36%)-4.3C-newstructure,850,test_b3,1030.7648,-4.1301,21.2664
b3c28,Batch 3,3.7C(31%)-5.9C-newstructure,541,test_b3,593.1818,-3.4517,9.6454
b3c29,Batch 3,5.9C(15%)-4.6C-newstructure,858,test_b3,976.3805,-4.0636,13.7973
b3c30,Batch 3,5.3C(54%)-4C-newstructure,935,test_b3,1005.9624,-4.1002,7.5896
b3c31,Batch 3,5.9C(60%)-3.1C-newstructure,731,test_b3,813.582,-3.8396,11.2971
b3c33,Batch 3,5C(67%)-4C-newstructure,1284,test_b3,1279.8503,-4.3959,0.3232
b3c34,Batch 3,5.3C(54%)-4C-newstructure,1158,test_b3,1189.1656,-4.3057,2.6913
b3c35,Batch 3,5.6C(19%)-4.6C-newstructure,1093,test_b3,1122.5364,-4.2349,2.7023
b3c36,Batch 3,5.6C(36%)-4.3C-newstructure,923,test_b3,1139.6697,-4.2535,23.4745
b3c38,Batch 3,5C(67%)-4C-newstructure,1935,test_b3,1224.939,-4.3421,36.6957
b3c39,Batch 3,5.3C(54%)-4C-newstructure,1156,test_b3,1342.5608,-4.4546,16.1385
b3c40,Batch 3,5.6C(19%)-4.6C-newstructure,796,test_b3,1178.9908,-4.2951,48.1144
b3c41,Batch 3,5.6C(36%)-4.3C-newstructure,786,test_b3,1108.5917,-4.2195,41.0422
b3c44,Batch 3,5.3C(54%)-4C-newstructure,940,test_b3,1031.9098,-4.1315,9.7776
b3c45,Batch 3,4.8C(80%)-4.8C-newstructure,1801,test_b3,1416.9484,-4.5209,21.3244
