method,split,n_long,n_short,accuracy,f1_long,f1_short,recall_short,false_alarm,auc
threshold,train_loo,31,1,0.969,0.984,0.0,0.0,0.0,0.968
threshold,valid,9,0,1.0,1.0,0.0,,0.0,
threshold,test_b2,9,30,0.538,0.5,0.571,0.4,0.0,1.0
threshold,test_b3,39,1,0.975,0.987,0.0,0.0,0.0,1.0
lower_bound[90%],train_loo,31,1,0.875,0.931,0.333,1.0,0.129,0.968
lower_bound[90%],valid,9,0,0.889,0.941,0.0,,0.111,
lower_bound[90%],test_b2,9,30,0.949,0.9,0.966,0.933,0.0,1.0
lower_bound[90%],test_b3,39,1,0.975,0.987,0.667,1.0,0.026,1.0
cluster+lower_bound[90%],valid,9,0,1.0,1.0,0.0,,0.0,
cluster+lower_bound[90%],test_b2,9,30,1.0,1.0,1.0,1.0,0.0,1.0
cluster+lower_bound[90%],test_b3,39,1,0.975,0.987,0.0,0.0,0.0,1.0
mahalanobis[dq_var],valid,9,0,1.0,1.0,0.0,,0.0,
mahalanobis[dq_var],test_b2,9,30,0.256,0.383,0.065,0.033,0.0,0.833
mahalanobis[dq_var],test_b3,39,1,0.975,0.987,0.0,0.0,0.0,0.846
isolation_forest[dq_var],valid,9,0,1.0,1.0,0.0,,0.0,
isolation_forest[dq_var],test_b2,9,30,0.231,0.375,0.0,0.0,0.0,0.641
isolation_forest[dq_var],test_b3,39,1,0.975,0.987,0.0,0.0,0.0,0.538
one_class_svm[dq_var],valid,9,0,0.889,0.941,0.0,,0.111,
one_class_svm[dq_var],test_b2,9,30,0.487,0.444,0.524,0.367,0.111,0.37
one_class_svm[dq_var],test_b3,39,1,0.875,0.933,0.0,0.0,0.103,0.0
local_outlier_factor[dq_var],valid,9,0,1.0,1.0,0.0,,0.0,
local_outlier_factor[dq_var],test_b2,9,30,0.231,0.375,0.0,0.0,0.0,0.541
local_outlier_factor[dq_var],test_b3,39,1,0.975,0.987,0.0,0.0,0.0,0.615
mahalanobis[summary],valid,9,0,0.889,0.941,0.0,,0.111,
mahalanobis[summary],test_b2,9,30,0.769,0.182,0.866,0.967,0.889,0.563
mahalanobis[summary],test_b3,39,1,0.05,0.05,0.05,1.0,0.974,0.692
isolation_forest[summary],valid,9,0,1.0,1.0,0.0,,0.0,
isolation_forest[summary],test_b2,9,30,0.359,0.419,0.286,0.167,0.0,0.737
isolation_forest[summary],test_b3,39,1,0.975,0.987,0.0,0.0,0.0,0.974
one_class_svm[summary],valid,9,0,0.778,0.875,0.0,,0.222,
one_class_svm[summary],test_b2,9,30,0.795,0.2,0.882,1.0,0.889,0.693
one_class_svm[summary],test_b3,39,1,0.1,0.143,0.053,1.0,0.923,1.0
local_outlier_factor[summary],valid,9,0,1.0,1.0,0.0,,0.0,
local_outlier_factor[summary],test_b2,9,30,0.692,0.4,0.793,0.767,0.556,0.648
local_outlier_factor[summary],test_b3,39,1,0.4,0.556,0.077,1.0,0.615,1.0
mahalanobis[dq_curve_pca],valid,9,0,0.778,0.875,0.0,,0.222,
mahalanobis[dq_curve_pca],test_b2,9,30,0.692,0.143,0.812,0.867,0.889,0.378
mahalanobis[dq_curve_pca],test_b3,39,1,0.325,0.471,0.069,1.0,0.692,0.949
isolation_forest[dq_curve_pca],valid,9,0,0.889,0.941,0.0,,0.111,
isolation_forest[dq_curve_pca],test_b2,9,30,0.718,0.421,0.814,0.8,0.556,0.67
isolation_forest[dq_curve_pca],test_b3,39,1,0.775,0.87,0.182,1.0,0.231,0.949
one_class_svm[dq_curve_pca],valid,9,0,0.556,0.714,0.0,,0.444,
one_class_svm[dq_curve_pca],test_b2,9,30,0.744,0.167,0.848,0.933,0.889,0.4
one_class_svm[dq_curve_pca],test_b3,39,1,0.15,0.227,0.056,1.0,0.872,0.923
local_outlier_factor[dq_curve_pca],valid,9,0,0.889,0.941,0.0,,0.111,
local_outlier_factor[dq_curve_pca],test_b2,9,30,0.615,0.118,0.754,0.767,0.889,0.374
local_outlier_factor[dq_curve_pca],test_b3,39,1,0.525,0.678,0.095,1.0,0.487,0.949
