cell_key,batch,policy,cycle_life,split,predicted,lower_bound,flagged
b1c45,Batch 1,8C(35%)-3.6C,599,valid,593.78,484.79,True
b1c37,Batch 1,7C(40%)-3C,648,valid,718.97,587.0,False
b1c14,Batch 1,5.4C(60%)-3C,880,valid,957.33,781.6,False
b1c34,Batch 1,7C(30%)-3.6C,742,valid,822.4,671.44,False
b1c25,Batch 1,6C(40%)-3C,854,valid,944.03,770.75,False
b1c2,Batch 1,3.6C(80%)-3.6C,2237,valid,1629.08,1330.04,False
b1c36,Batch 1,7C(40%)-3C,704,valid,716.52,585.0,False
b1c41,Batch 1,8C(15%)-3.6C,1051,valid,976.26,797.06,False
b1c42,Batch 1,8C(25%)-3.6C,702,valid,714.52,583.36,False
b2c0,Batch 2,5.2C(58%)-4C,477,test_b2,610.64,514.31,True
b2c1,Batch 2,5.6C(26%)-4.5C,491,test_b2,523.43,440.86,True
b2c2,Batch 2,5.2C(50%)-4.25C,424,test_b2,597.35,503.11,True
b2c3,Batch 2,4.65C(44%)-5C,499,test_b2,615.12,518.08,True
b2c4,Batch 2,4.65C(69%)-6C,444,test_b2,496.22,417.94,True
b2c5,Batch 2,3.6C(30%)-6C,416,test_b2,440.37,370.9,True
b2c6,Batch 2,3.6C(9%)-5C,393,test_b2,632.28,532.54,True
b2c7,Batch 2,4.8C(80%)-4.8C-newstructure,777,test_b2,1119.63,943.0,False
b2c8,Batch 2,5.2C(58%)-4C-newstructure,904,test_b2,1007.76,848.79,False
b2c9,Batch 2,5.6C(26%)-4.5C-newstructure,791,test_b2,1227.31,1033.7,False
b2c10,Batch 2,4.8C(80%)-4.8C,492,test_b2,592.82,499.3,True
b2c11,Batch 2,5.2C(50%)-4.25C,449,test_b2,609.7,513.52,True
b2c12,Batch 2,4.65C(44%)-5C,466,test_b2,470.81,396.54,True
b2c13,Batch 2,4.65C(69%)-6C,460,test_b2,543.59,457.83,True
b2c14,Batch 2,3.6C(30%)-6C,426,test_b2,452.23,380.89,True
b2c15,Batch 2,3.6C(9%)-5C,396,test_b2,625.22,526.59,True
b2c16,Batch 2,4.8C(80%)-4.8C,472,test_b2,614.43,517.51,True
b2c17,Batch 2,5.6C(26%)-4.5C,471,test_b2,617.17,519.81,True
b2c18,Batch 2,5.2C(50%)-4.25C,449,test_b2,730.48,615.24,False
b2c19,Batch 2,6C(60%)-3C,392,test_b2,520.84,438.67,True
b2c20,Batch 2,5.2C(58%)-4C,489,test_b2,588.2,495.41,True
b2c21,Batch 2,6C(60%)-3C,408,test_b2,535.78,451.26,True
b2c24,Batch 2,4.8C(80%)-4.8C,514,test_b2,692.02,582.85,False
b2c25,Batch 2,5.2C(58%)-4C,493,test_b2,634.57,534.47,True
b2c26,Batch 2,5.6C(26%)-4.5C,450,test_b2,492.01,414.4,True
b2c27,Batch 2,5.2C(50%)-4.25C,474,test_b2,610.11,513.86,True
b2c28,Batch 2,4.8C(80%)-4.8C,437,test_b2,579.69,488.24,True
b2c29,Batch 2,5.2C(58%)-4C,452,test_b2,621.16,523.17,True
b2c30,Batch 2,5.6C(26%)-4.5C,412,test_b2,477.55,402.21,True
b2c31,Batch 2,5.6C(26%)-4.5C,425,test_b2,547.1,460.79,True
b2c32,Batch 2,4.8C(80%)-4.8C-newstructure,809,test_b2,1031.89,869.1,False
b2c33,Batch 2,5.2C(58%)-4C-newstructure,1140,test_b2,1119.59,942.97,False
b2c34,Batch 2,5.6C(26%)-4.5C-newstructure,1186,test_b2,1335.96,1125.21,False
b2c41,Batch 2,5.6C(26%)-4.5C,442,test_b2,472.5,397.96,True
b2c42,Batch 2,5.2C(50%)-4.25C,474,test_b2,608.31,512.35,True
b2c43,Batch 2,4.8C(80%)-4.8C-newstructure,1029,test_b2,1156.8,974.32,False
b2c44,Batch 2,5.2C(58%)-4C-newstructure,841,test_b2,1247.56,1050.76,False
b2c45,Batch 2,5.6C(26%)-4.5C-newstructure,997,test_b2,1069.31,900.63,False
b2c46,Batch 2,4.8C(80%)-4.8C,503,test_b2,621.48,523.44,True
b3c0,Batch 3,5C(67%)-4C-newstructure,1009,test_b3,1131.95,953.38,False
b3c1,Batch 3,5.3C(54%)-4C-newstructure,1063,test_b3,1169.84,985.3,False
b3c3,Batch 3,5.6C(36%)-4.3C-newstructure,1115,test_b3,1019.47,858.65,False
b3c4,Batch 3,5.6C(19%)-4.6C-newstructure,1048,test_b3,1072.15,903.01,False
b3c5,Batch 3,5.6C(36%)-4.3C-newstructure,828,test_b3,1017.66,857.12,False
b3c6,Batch 3,3.7C(31%)-5.9C-newstructure,667,test_b3,630.06,530.66,True
b3c7,Batch 3,4.8C(80%)-4.8C-newstructure,1836,test_b3,1380.38,1162.62,False
b3c8,Batch 3,5C(67%)-4C-newstructure,828,test_b3,999.09,841.48,False
b3c9,Batch 3,5.3C(54%)-4C-newstructure,1039,test_b3,913.84,769.68,False
b3c10,Batch 3,4.8C(80%)-4.8C-newstructure,1078,test_b3,1296.06,1091.61,False
b3c11,Batch 3,5.6C(19%)-4.6C-newstructure,817,test_b3,844.17,711.0,False
b3c12,Batch 3,5.6C(36%)-4.3C-newstructure,932,test_b3,887.79,747.74,False
b3c13,Batch 3,5.6C(19%)-4.6C-newstructure,816,test_b3,1001.26,843.3,False
b3c14,Batch 3,5.6C(36%)-4.3C-newstructure,858,test_b3,926.86,780.65,False
b3c15,Batch 3,5.9C(15%)-4.6C-newstructure,876,test_b3,927.63,781.29,False
b3c16,Batch 3,4.8C(80%)-4.8C-newstructure,1638,test_b3,1632.21,1374.73,False
b3c17,Batch 3,5.3C(54%)-4C-newstructure,1315,test_b3,1326.34,1117.11,False
b3c18,Batch 3,5.6C(19%)-4.6C-newstructure,1146,test_b3,1140.22,960.35,False
b3c19,Batch 3,5.6C(36%)-4.3C-newstructure,1155,test_b3,1066.47,898.23,False
b3c20,Batch 3,5C(67%)-4C-newstructure,813,test_b3,978.58,824.21,False
b3c21,Batch 3,3.7C(31%)-5.9C-newstructure,772,test_b3,728.71,613.75,False
b3c22,Batch 3,5.9C(60%)-3.1C-newstructure,1002,test_b3,963.15,811.21,False
b3c24,Batch 3,5C(67%)-4C-newstructure,825,test_b3,1052.07,886.1,False
b3c25,Batch 3,5.3C(54%)-4C-newstructure,989,test_b3,1044.65,879.85,False
b3c26,Batch 3,5.6C(19%)-4.6C-newstructure,1028,test_b3,1108.59,933.71,False
b3c27,Batch 3,5.6C(36%)-4.3C-newstructure,850,test_b3,1030.76,868.16,False
b3c28,Batch 3,3.7C(31%)-5.9C-newstructure,541,test_b3,593.18,499.61,True
b3c29,Batch 3,5.9C(15%)-4.6C-newstructure,858,test_b3,976.38,822.35,False
b3c30,Batch 3,5.3C(54%)-4C-newstructure,935,test_b3,1005.96,847.27,False
b3c31,Batch 3,5.9C(60%)-3.1C-newstructure,731,test_b3,813.58,685.24,False
b3c33,Batch 3,5C(67%)-4C-newstructure,1284,test_b3,1279.85,1077.95,False
b3c34,Batch 3,5.3C(54%)-4C-newstructure,1158,test_b3,1189.17,1001.57,False
b3c35,Batch 3,5.6C(19%)-4.6C-newstructure,1093,test_b3,1122.54,945.45,False
b3c36,Batch 3,5.6C(36%)-4.3C-newstructure,923,test_b3,1139.67,959.88,False
b3c38,Batch 3,5C(67%)-4C-newstructure,1935,test_b3,1224.94,1031.7,False
b3c39,Batch 3,5.3C(54%)-4C-newstructure,1156,test_b3,1342.56,1130.77,False
b3c40,Batch 3,5.6C(19%)-4.6C-newstructure,796,test_b3,1178.99,993.0,False
b3c41,Batch 3,5.6C(36%)-4.3C-newstructure,786,test_b3,1108.59,933.71,False
b3c44,Batch 3,5.3C(54%)-4C-newstructure,940,test_b3,1031.91,869.12,False
b3c45,Batch 3,4.8C(80%)-4.8C-newstructure,1801,test_b3,1416.95,1193.42,False
