level,split,margin_factor,n_long,n_short,accuracy,f1_long,f1_short,recall_short,false_alarm,auc
0.8,train_loo,1.107,31,1,0.906,0.949,0.4,1.0,0.097,0.968
0.8,valid,1.107,9,0,0.889,0.941,0.0,,0.111,
0.8,test_b2,1.101,9,30,0.641,0.562,0.696,0.533,0.0,1.0
0.8,test_b3,1.101,39,1,1.0,1.0,1.0,1.0,0.0,1.0
0.9,train_loo,1.219,31,1,0.875,0.931,0.333,1.0,0.129,0.968
0.9,valid,1.225,9,0,0.889,0.941,0.0,,0.111,
0.9,test_b2,1.187,9,30,0.949,0.9,0.966,0.933,0.0,1.0
0.9,test_b3,1.187,39,1,0.975,0.987,0.667,1.0,0.026,1.0
0.95,train_loo,1.329,31,1,0.719,0.83,0.182,1.0,0.29,0.968
0.95,valid,1.329,9,0,0.556,0.714,0.0,,0.444,
0.95,test_b2,1.318,9,30,0.974,0.947,0.983,0.967,0.0,1.0
0.95,test_b3,1.318,39,1,0.975,0.987,0.667,1.0,0.026,1.0
