input_cycles,reference_cycle,split,mape,rule,margin_factor,n_long,n_short,accuracy,f1_long,f1_short,recall_short,false_alarm,auc
100,10,train_loo,9.371,threshold,1.0,31,1,0.969,0.984,0.0,0.0,0.0,0.968
100,10,train_loo,9.371,lower_bound,1.219,31,1,0.875,0.931,0.333,1.0,0.129,0.968
100,10,valid,8.871,threshold,1.0,9,0,1.0,1.0,0.0,,0.0,
100,10,valid,8.871,lower_bound,1.225,9,0,0.889,0.941,0.0,,0.111,
100,10,test_b2,26.175,threshold,1.0,9,30,0.538,0.5,0.571,0.4,0.0,1.0
100,10,test_b2,26.175,lower_bound,1.187,9,30,0.949,0.9,0.966,0.933,0.0,1.0
100,10,test_b3,13.253,threshold,1.0,39,1,0.975,0.987,0.0,0.0,0.0,1.0
100,10,test_b3,13.253,lower_bound,1.187,39,1,0.975,0.987,0.667,1.0,0.026,1.0
5,4,train_loo,24.083,threshold,1.0,31,1,0.969,0.984,0.0,0.0,0.0,0.613
5,4,train_loo,24.083,lower_bound,1.479,31,1,0.812,0.897,0.0,0.0,0.161,0.613
5,4,valid,27.692,threshold,1.0,9,0,1.0,1.0,0.0,,0.0,
5,4,valid,27.692,lower_bound,1.49,9,0,0.889,0.941,0.0,,0.111,
5,4,test_b2,72.409,threshold,1.0,9,30,0.231,0.375,0.0,0.0,0.0,0.456
5,4,test_b2,72.409,lower_bound,1.422,9,30,0.231,0.375,0.0,0.0,0.0,0.456
5,4,test_b3,18.695,threshold,1.0,39,1,0.975,0.987,0.0,0.0,0.0,0.897
5,4,test_b3,18.695,lower_bound,1.422,39,1,0.975,0.987,0.0,0.0,0.0,0.897
5,2,train_loo,24.504,threshold,1.0,31,1,0.969,0.984,0.0,0.0,0.0,0.097
5,2,train_loo,24.504,lower_bound,1.445,31,1,0.969,0.984,0.0,0.0,0.0,0.097
5,2,valid,23.91,threshold,1.0,9,0,1.0,1.0,0.0,,0.0,
5,2,valid,23.91,lower_bound,1.439,9,0,1.0,1.0,0.0,,0.0,
5,2,test_b2,78.842,threshold,1.0,9,30,0.231,0.375,0.0,0.0,0.0,0.241
5,2,test_b2,78.842,lower_bound,1.451,9,30,0.282,0.364,0.176,0.1,0.111,0.241
5,2,test_b3,19.497,threshold,1.0,39,1,0.975,0.987,0.0,0.0,0.0,0.103
5,2,test_b3,19.497,lower_bound,1.451,39,1,0.975,0.987,0.0,0.0,0.0,0.103
